{"mse": 0.8529742009154531, "r2": 0.14777269756718425}