{"mse": 0.8528346507465018, "r2": 0.14791212554040045}